timestamp_s,lat,lon,alt_m
10091.493925927,-35.3632628,149.1652372,10.044000625610352
10092.576624537,-35.3632632,149.1652368,10.122000694274902
10093.370318945,-35.3632639,149.165236,10.175000190734863
10094.046444755,-35.3632649,149.16523469999998,10.210000038146973
10094.469604879,-35.3632664,149.1652329,10.233000755310059
10094.769183405,-35.363268399999995,149.16523039999998,10.246000289916992
10095.083754288,-35.3632711,149.16522709999998,10.253000259399414
10095.400115742,-35.363274499999996,149.165223,10.256000518798828
10095.706765843,-35.363278699999995,149.1652178,10.253000259399414
10095.996747412,-35.3632837,149.1652116,10.247000694274902
10096.319589068,-35.3632895,149.1652044,10.238000869750977
10096.615667594,-35.363296,149.16519639999999,10.22800064086914
10096.951532259,-35.363303,149.1651877,10.217000961303711
10097.300100564,-35.3633105,149.1651785,10.205000877380371
10097.60003847,-35.3633185,149.1651688,10.192000389099121
10097.903759159,-35.3633266,149.1651587,10.178000450134277
10098.205786195,-35.363335,149.1651485,10.165000915527344
10098.529090323,-35.3633435,149.1651381,10.153000831604004
10098.812877773,-35.363352,149.1651276,10.13900089263916
10099.110465958,-35.3633605,149.1651172,10.124000549316406
10099.429618012,-35.3633689,149.16510689999998,10.109000205993652
10099.728824597,-35.363377199999995,149.1650967,10.094000816345215
10100.020701148,-35.3633854,149.16508679999998,10.081000328063965
10100.329979313,-35.3633932,149.16507719999998,10.069000244140625
10100.618151465,-35.3634006,149.1650682,10.058000564575195
10100.922827706,-35.3634075,149.16505999999998,10.04800033569336
10101.233240756,-35.3634138,149.165053,10.039000511169434
10101.541202759,-35.3634193,149.1650474,10.030000686645508
10101.828727473,-35.363424099999996,149.1650435,10.020000457763672
10102.238457415,-35.363428,149.1650417,10.011000633239746
10102.734048514,-35.363431,149.1650419,10.00200080871582
10103.185807573,-35.363433199999996,149.1650445,9.992000579833984
10103.559636898,-35.3634349,149.1650494,9.982000350952148
10103.858233084,-35.3634359,149.1650565,9.972000122070312
10104.147934145,-35.3634366,149.165066,9.963000297546387
10104.469675694,-35.363436899999996,149.1650776,9.958000183105469
10104.759076026,-35.3634371,149.165091,9.956000328063965
10105.055475276,-35.3634371,149.16510599999998,9.958000183105469
10105.362880775,-35.363437,149.1651221,9.962000846862793
10105.654605331,-35.363437,149.1651391,9.968000411987305
10105.954654246,-35.3634371,149.16515669999998,9.973000526428223
10106.310094148,-35.3634372,149.165175,9.979000091552734
10106.590912885,-35.3634373,149.16519359999998,9.984000205993652
10106.901683271,-35.363437399999995,149.1652125,9.98900032043457
10107.185677538,-35.363437499999996,149.1652315,9.994000434875488
10107.523953937,-35.363437499999996,149.16525049999998,9.997000694274902
10107.810626378,-35.3634376,149.1652694,9.999000549316406
10108.110775584,-35.3634376,149.1652882,10.00100040435791
10108.427023079,-35.3634377,149.1653067,10.003000259399414
10108.71721002,-35.3634377,149.16532469999999,10.006000518798828
10109.016089139,-35.3634377,149.16534199999998,10.009000778198242
10109.40193592,-35.3634377,149.1653586,10.011000633239746
10109.747285757,-35.3634377,149.16537409999998,10.01300048828125
10110.041650325,-35.3634377,149.16538839999998,10.01200008392334
10110.36068053,-35.3634377,149.16540129999998,10.010000228881836
10110.666717149,-35.3634377,149.1654127,10.008000373840332
10110.988540026,-35.3634376,149.16542239999998,10.006000518798828
10111.311018859,-35.3634376,149.1654303,10.00200080871582
10111.619428657,-35.363437499999996,149.1654365,9.996000289916992
10111.911937324,-35.363437399999995,149.1654413,9.99000072479248
10112.212160271,-35.3634372,149.1654448,9.985000610351562
10112.571044174,-35.3634365,149.16544729999998,9.981000900268555
10112.987366279,-35.3634354,149.165449,9.979000091552734
10113.42338107,-35.363433799999996,149.1654499,9.979000091552734
10113.832045151,-35.3634316,149.1654505,9.979000091552734
10114.243148316,-35.3634291,149.16545069999998,9.980000495910645
10114.757098815,-35.3634264,149.16545069999998,9.981000900268555
10115.219445763,-35.3634236,149.16545069999998,9.983000755310059
10115.70536241,-35.3634209,149.1654509,9.985000610351562
10116.272651323,-35.3634183,149.165451,9.987000465393066
10116.792704989,-35.363416,149.1654509,9.98900032043457
10117.296889646,-35.363414,149.16545059999999,9.99000072479248
10117.794115398,-35.3634124,149.1654495,9.991000175476074
10118.252405687,-35.3634115,149.16544779999998,9.992000579833984
10118.707768389,-35.363411,149.165445,9.992000579833984
10119.167809463,-35.363411,149.1654412,9.991000175476074
10119.597136341,-35.3634111,149.165436,9.99000072479248
10119.995371701,-35.363411299999996,149.1654293,9.987000465393066
10120.369353415,-35.3634114,149.1654211,9.985000610351562
10120.694639681,-35.3634114,149.1654111,9.983000755310059
10120.99107719,-35.3634114,149.1653995,9.982000350952148
10121.40353434,-35.363411299999996,149.1653862,9.983000755310059
10121.819312724,-35.363411299999996,149.16537169999998,9.986000061035156
10122.325723459,-35.3634112,149.16535589999998,9.991000175476074
10122.7599782,-35.363411,149.1653393,9.994000434875488
10123.130487081,-35.3634109,149.1653218,9.999000549316406
10123.540413694,-35.3634108,149.16530369999998,10.004000663757324
10123.973435544,-35.363410699999996,149.1652851,10.009000778198242
10124.310819959,-35.3634106,149.16526629999998,10.01300048828125
10124.650622,-35.3634106,149.1652473,10.016000747680664
10125.071089252,-35.3634105,149.1652283,10.018000602722168
10125.607503863,-35.3634105,149.1652093,10.019000053405762
10126.051131172,-35.3634105,149.1651905,10.019000053405762
10126.638729844,-35.3634105,149.16517199999998,10.019000053405762
10127.039919546,-35.3634106,149.1651539,10.020000457763672
10127.347492989,-35.363410699999996,149.1651364,10.020000457763672
10127.668054929,-35.363410699999996,149.1651197,10.019000053405762
10128.053338074,-35.3634108,149.16510399999999,10.019000053405762
10128.493732914,-35.3634109,149.1650894,10.020000457763672
10128.924720084,-35.363411,149.1650761,10.020000457763672
10129.395715863,-35.3634111,149.1650644,10.019000053405762
10129.983597221,-35.3634112,149.16505429999998,10.017000198364258
10130.444648095,-35.363411299999996,149.165046,10.01400089263916
10130.858876399,-35.363411299999996,149.16503939999998,10.009000778198242
10131.182232908,-35.363411299999996,149.1650343,10.00200080871582
10131.643740152,-35.3634112,149.1650305,9.996000289916992
10131.992839407,-35.363410699999996,149.1650278,9.992000579833984
10132.335176882,-35.3634097,149.16502599999998,9.99000072479248
10132.679267028,-35.363408199999995,149.1650249,9.988000869750977
10132.999220973,-35.363406,149.1650243,9.988000869750977
10133.292335547,-35.363403399999996,149.16502409999998,9.987000465393066
10133.642107023,-35.3634006,149.16502409999998,9.988000869750977
10133.951813865,-35.3633976,149.16502409999998,9.98900032043457
10134.265607083,-35.3633948,149.16502409999998,9.991000175476074
10134.568089866,-35.363392,149.165024,9.993000030517578
10134.868888769,-35.363389399999996,149.1650239,9.995000839233398
10135.164246401,-35.3633871,149.1650242,9.998000144958496
10135.488240125,-35.3633854,149.1650249,10.00100040435791
10135.777971568,-35.3633842,149.1650264,10.004000663757324
10136.07645348,-35.3633836,149.1650288,10.005000114440918
10136.357604062,-35.3633835,149.1650324,10.004000663757324
10136.671241043,-35.3633836,149.1650371,10.00200080871582
10136.968415751,-35.3633838,149.1650434,10.0
10137.270851555,-35.3633841,149.1650512,9.998000144958496
10137.581217861,-35.3633843,149.1650607,9.996000289916992
10137.886715403,-35.3633844,149.1650719,9.995000839233398
10138.181933329,-35.363384499999995,149.1650848,9.996000289916992
10138.510075342,-35.363384599999996,149.1650991,9.997000694274902
10138.843206016,-35.363384499999995,149.16511459999998,10.0
10139.157316828,-35.363384499999995,149.1651311,10.003000259399414
10139.460728379,-35.363384499999995,149.1651484,10.006000518798828
10139.799834698,-35.3633844,149.1651664,10.010000228881836
10140.542414392,-35.3633844,149.16518489999999,10.01300048828125
10141.279246532,-35.3633843,149.1652038,10.017000198364258
10141.971977019,-35.3633842,149.1652227,10.019000053405762
10142.688547619,-35.3633841,149.1652418,10.022000312805176
10143.461183014,-35.363383999999996,149.1652607,10.022000312805176
10144.358150746,-35.363383999999996,149.1652796,10.021000862121582
10145.204284606,-35.363383999999996,149.1652982,10.020000457763672
10145.952627154,-35.363383899999995,149.1653164,10.020000457763672
10146.717593987,-35.363383899999995,149.165334,10.020000457763672
10147.445802242,-35.363383899999995,149.1653509,10.020000457763672
10148.169824867,-35.363383899999995,149.16536689999998,10.019000053405762
10148.935835942,-35.363383899999995,149.1653818,10.018000602722168
10149.640771338,-35.363383899999995,149.1653954,10.016000747680664
10150.319759898,-35.3633838,149.1654075,10.015000343322754
10151.059478297,-35.3633838,149.165418,10.01200008392334
10151.78615895,-35.3633838,149.1654268,10.008000373840332
10152.465147044,-35.3633838,149.1654338,10.004000663757324
10153.217037788,-35.3633838,149.1654393,9.998000144958496
10153.896608282,-35.3633836,149.1654434,9.991000175476074
10154.710671328,-35.3633832,149.16544639999998,9.987000465393066
10155.525850653,-35.3633824,149.1654484,9.984000205993652
10156.232659034,-35.363381,149.16544969999998,9.981000900268555
10156.939678072,-35.363379099999996,149.1654504,9.980000495910645
10157.482528298,-35.363376699999996,149.1654508,9.979000091552734
10158.200616049,-35.3633741,149.1654508,9.980000495910645
10159.024981857,-35.3633713,149.1654509,9.980000495910645
10159.74549549,-35.3633685,149.1654509,9.981000900268555
10160.683960609,-35.3633658,149.165451,9.983000755310059
10161.187586485,-35.363363299999996,149.165451,9.985000610351562
10161.996410009,-35.3633611,149.1654508,9.987000465393066
10162.828449782,-35.3633593,149.16545019999998,9.98900032043457
10163.651547506,-35.363358,149.1654489,9.99000072479248
10164.368186277,-35.3633573,149.1654467,9.991000175476074
10165.166291138,-35.363357,149.1654434,9.991000175476074
10165.962518206,-35.363357,149.1654389,9.98900032043457
10166.846091841,-35.363357199999996,149.165433,9.987000465393066
10167.472428494,-35.3633574,149.1654256,9.984000205993652
10168.296160649,-35.3633575,149.1654166,9.982000350952148
10169.002928849,-35.3633576,149.1654058,9.980000495910645
10169.854187671,-35.3633575,149.1653933,9.981000900268555
10170.731127661,-35.3633575,149.1653794,9.984000205993652
10171.485393399,-35.3633574,149.1653643,9.987000465393066
10171.761485242,-35.363357199999996,149.1653481,9.99000072479248
10172.062069206,-35.3633571,149.16533099999998,9.994000434875488
10172.343395905,-35.3633569,149.16531319999999,9.998000144958496
10172.65810815,-35.3633568,149.1652948,10.00100040435791
10172.961973096,-35.3633567,149.1652761,10.004000663757324
10173.269745283,-35.3633567,149.1652571,10.007000923156738
10173.591614322,-35.363356599999996,149.16523809999998,10.009000778198242
10173.904151048,-35.363356599999996,149.1652192,10.010000228881836
10174.329142697,-35.363356599999996,149.16520029999998,10.010000228881836
10174.775558939,-35.363356599999996,149.16518159999998,10.010000228881836
10175.170567952,-35.3633567,149.1651632,10.011000633239746
10175.669989341,-35.3633567,149.1651454,10.01200008392334
10176.104338323,-35.3633568,149.1651282,10.01300048828125
10176.445240336,-35.3633568,149.165112,10.01300048828125
10176.768800649,-35.3633569,149.1650968,10.01300048828125
10177.117236523,-35.3633569,149.1650829,10.01200008392334
10177.439211459,-35.363357,149.1650703,10.011000633239746
10177.780512365,-35.363357,149.1650593,10.009000778198242
10178.073038472,-35.363357,149.1650501,10.006000518798828
10178.372339204,-35.363357,149.1650426,10.00200080871582
10178.677319357,-35.363357,149.1650368,9.996000289916992
10178.965811296,-35.363357,149.1650323,9.99000072479248
10179.243532688,-35.3633567,149.165029,9.985000610351562
10179.541028483,-35.3633559,149.1650268,9.982000350952148
10179.817620627,-35.363354699999995,149.1650253,9.980000495910645
10180.110773036,-35.363352899999995,149.1650245,9.979000091552734
10180.439466144,-35.363350499999996,149.16502409999998,9.97800064086914
10180.771229576,-35.3633478,149.165024,9.979000091552734
10181.053856536,-35.363344999999995,149.165024,9.979000091552734
10181.381850767,-35.3633421,149.165024,9.980000495910645
10181.713367118,-35.3633393,149.165024,9.982000350952148
10182.061850601,-35.3633366,149.1650239,9.984000205993652
10182.371457703,-35.3633342,149.165024,9.987000465393066
10182.677081652,-35.363332199999995,149.1650245,9.98900032043457
10182.973028141,-35.3633307,149.1650256,9.991000175476074
10183.278080563,-35.363329799999995,149.1650276,9.993000030517578
10183.590949974,-35.3633295,149.1650305,9.993000030517578
10183.890481449,-35.3633295,149.1650347,9.992000579833984
10184.182783183,-35.3633297,149.1650402,9.991000175476074
10184.493768434,-35.3633299,149.1650472,9.99000072479248
10184.779602611,-35.3633301,149.1650558,9.988000869750977
10185.083225507,-35.3633303,149.1650661,9.986000061035156
10185.373805872,-35.363330399999995,149.16507819999998,9.986000061035156
10185.688305899,-35.363330399999995,149.1650918,9.987000465393066
10185.985579699,-35.3633305,149.1651067,9.98900032043457
10186.292099809,-35.3633305,149.16512269999998,9.992000579833984
10186.61692653,-35.363330399999995,149.1651397,9.995000839233398
10186.935796609,-35.3633303,149.1651574,9.999000549316406
10187.224443212,-35.3633302,149.1651756,10.00200080871582
10187.536406105,-35.3633302,149.1651943,10.006000518798828
10187.820801384,-35.3633301,149.16521319999998,10.008000373840332
10188.126837016,-35.36333,149.16523229999999,10.010000228881836
10188.415640835,-35.36333,149.1652513,10.01200008392334
10188.73925105,-35.3633299,149.16527019999998,10.01200008392334
10189.040378165,-35.3633299,149.1652889,10.01300048828125
10189.324478173,-35.3633299,149.1653074,10.01400089263916
10189.638599112,-35.3633299,149.1653253,10.01400089263916
10189.938365709,-35.3633299,149.1653426,10.015000343322754
10190.226235175,-35.3633299,149.1653591,10.016000747680664
10190.541726378,-35.3633299,149.16537449999998,10.017000198364258
10190.822695421,-35.363329799999995,149.1653888,10.017000198364258
10191.109506109,-35.363329799999995,149.1654017,10.016000747680664
10191.403352468,-35.363329799999995,149.165413,10.015000343322754
10191.726358046,-35.363329799999995,149.1654227,10.01400089263916
10192.017857922,-35.363329799999995,149.16543059999998,10.010000228881836
10192.312195652,-35.363329799999995,149.16543679999998,10.005000114440918
10192.607097196,-35.3633297,149.16544159999998,9.999000549316406
10192.900489537,-35.3633295,149.1654451,9.994000434875488
10193.192061147,-35.3633288,149.1654476,9.98900032043457
10193.514438805,-35.3633277,149.16544919999998,9.987000465393066
10193.810017419,-35.3633261,149.16545019999998,9.986000061035156
10194.110725116,-35.3633239,149.16545069999998,9.986000061035156
10194.404892215,-35.3633214,149.1654509,9.987000465393066
10194.73664397,-35.3633186,149.1654509,9.987000465393066
10195.039106494,-35.363315799999995,149.1654509,9.988000869750977
10195.331079454,-35.3633131,149.165451,9.99000072479248
10195.63793496,-35.3633105,149.16545109999998,9.991000175476074
10195.932194039,-35.3633082,149.165451,9.992000579833984
10196.232093177,-35.363306099999996,149.16545069999998,9.995000839233398
10196.551223939,-35.3633046,149.16544969999998,9.997000694274902
10196.832282064,-35.3633036,149.165448,9.998000144958496
10197.183577875,-35.3633032,149.1654452,9.998000144958496
10197.464290344,-35.363303099999996,149.1654414,9.997000694274902
10197.789688622,-35.3633033,149.1654362,9.995000839233398
10198.086815116,-35.3633034,149.16542959999998,9.992000579833984
10198.388852801,-35.3633036,149.1654213,9.99000072479248
10198.702342456,-35.363303699999996,149.16541139999998,9.987000465393066
10199.009158205,-35.363303699999996,149.1653997,9.986000061035156
10199.298656343,-35.3633038,149.16538649999998,9.987000465393066
10199.613522115,-35.363303699999996,149.1653719,9.98900032043457
10199.926161529,-35.3633035,149.1653562,9.992000579833984
10200.2231688,-35.3633034,149.1653395,9.996000289916992
10200.546480896,-35.3633033,149.1653221,9.999000549316406
10200.842566089,-35.363303099999996,149.165304,10.003000259399414
10201.1247138,-35.363303,149.1652854,10.007000923156738
10201.420440593,-35.3633029,149.1652665,10.011000633239746
10201.738967727,-35.3633029,149.1652475,10.01400089263916
10202.042114527,-35.3633029,149.16522849999998,10.016000747680664
10202.338093599,-35.3633029,149.1652096,10.017000198364258
10202.658847761,-35.3633029,149.16519069999998,10.017000198364258
10202.945253958,-35.3633029,149.1651722,10.017000198364258
10203.247133665,-35.3633029,149.1651541,10.016000747680664
10203.55787436,-35.3633029,149.16513659999998,10.016000747680664
10203.852582687,-35.363303,149.16511989999998,10.015000343322754
10204.146843575,-35.363303,149.16510409999998,10.01400089263916
10204.453808026,-35.363303,149.1650895,10.01300048828125
10204.755283088,-35.363303099999996,149.1650762,10.01200008392334
10205.058175386,-35.363303099999996,149.1650645,10.010000228881836
10205.337137661,-35.3633032,149.1650544,10.007000923156738
10205.661039329,-35.3633032,149.165046,10.004000663757324
10205.953952564,-35.3633032,149.16503939999998,9.999000549316406
10206.270353166,-35.3633032,149.1650343,9.995000839233398
10206.572938298,-35.363303099999996,149.1650304,9.99000072479248
10206.889148068,-35.3633026,149.1650277,9.985000610351562
10207.19170729,-35.3633016,149.1650259,9.983000755310059
10207.49270157,-35.3633001,149.1650247,9.982000350952148
10207.831336456,-35.363298,149.16502409999998,9.982000350952148
10208.15038559,-35.3632954,149.1650239,9.982000350952148
10208.446328717,-35.3632926,149.1650239,9.983000755310059
10208.774443739,-35.363289699999996,149.1650239,9.984000205993652
10209.059612874,-35.3632869,149.1650239,9.985000610351562
10209.354022883,-35.363284199999995,149.1650238,9.987000465393066
10209.661674136,-35.3632816,149.1650238,9.98900032043457
10209.968046616,-35.363279399999996,149.16502409999998,9.991000175476074
10210.251573191,-35.363277599999996,149.1650248,9.994000434875488
10210.567385345,-35.3632764,149.1650263,9.996000289916992
10210.858137769,-35.3632758,149.1650288,9.997000694274902
10211.157445244,-35.3632756,149.1650323,9.996000289916992
10211.469511345,-35.363275699999996,149.1650371,9.995000839233398
10211.783050872,-35.3632759,149.16504329999998,9.993000030517578
10212.083181675,-35.3632762,149.1650511,9.992000579833984
10212.376221842,-35.363276299999995,149.1650606,9.99000072479248
10212.695442268,-35.3632764,149.1650718,9.98900032043457
10212.994514547,-35.3632764,149.1650847,9.98900032043457
10213.291116505,-35.3632764,149.165099,9.991000175476074
10213.626034868,-35.3632764,149.1651145,9.994000434875488
10213.912540223,-35.3632764,149.165131,9.997000694274902
10214.210554391,-35.363276299999995,149.1651483,10.00100040435791
10214.497330047,-35.3632762,149.16516629999998,10.005000114440918
10214.803560376,-35.3632761,149.1651848,10.009000778198242
10215.105602262,-35.363276,149.1652037,10.01300048828125
10215.390271061,-35.363276,149.1652227,10.016000747680664
10215.692628789,-35.3632759,149.1652417,10.018000602722168
10215.983173927,-35.3632759,149.1652607,10.018000602722168
10216.268565773,-35.3632759,149.1652796,10.017000198364258
10216.583362637,-35.3632759,149.1652982,10.016000747680664
10216.874346153,-35.3632758,149.1653165,10.016000747680664
10217.173146751,-35.3632758,149.1653341,10.017000198364258
10217.468470676,-35.3632758,149.16535109999998,10.017000198364258
10217.783331031,-35.3632758,149.165367,10.017000198364258
10218.087931592,-35.3632758,149.1653819,10.016000747680664
10218.386246939,-35.3632758,149.16539559999998,10.015000343322754
10218.694832252,-35.363275699999996,149.1654077,10.01400089263916
10218.988702536,-35.363275699999996,149.1654182,10.01200008392334
10219.279190443,-35.363275699999996,149.165427,10.009000778198242
10219.572406995,-35.363275699999996,149.165434,10.005000114440918
10219.883840954,-35.363275699999996,149.1654395,9.999000549316406
10220.181081311,-35.3632756,149.1654436,9.994000434875488
10220.478829966,-35.3632752,149.1654466,9.99000072479248
10220.785915927,-35.3632744,149.1654486,9.987000465393066
10221.079741408,-35.363273,149.1654499,9.985000610351562
10221.380024386,-35.3632711,149.16545069999998,9.984000205993652
10221.685522871,-35.3632687,149.165451,9.984000205993652
10221.990320869,-35.363265999999996,149.16545109999998,9.985000610351562
10222.271186087,-35.3632632,149.16545109999998,9.985000610351562
10222.567105937,-35.3632604,149.16545109999998,9.986000061035156
10222.886507014,-35.3632577,149.1654512,9.987000465393066
10223.180321181,-35.3632552,149.1654512,9.98900032043457
10223.459694734,-35.3632529,149.16545109999998,9.991000175476074
10223.77454172,-35.3632511,149.1654504,9.993000030517578
10224.074931028,-35.3632498,149.165449,9.995000839233398
10224.377697864,-35.3632491,149.16544679999998,9.995000839233398
10224.687577724,-35.3632488,149.16544349999998,9.995000839233398
10225.009408589,-35.363248899999995,149.165439,9.993000030517578
10225.300249653,-35.3632491,149.1654331,9.991000175476074
10225.625516984,-35.3632493,149.1654257,9.98900032043457
10225.921729783,-35.3632494,149.16541669999998,9.987000465393066
10226.221706855,-35.363249499999995,149.1654058,9.986000061035156
10226.508279492,-35.363249499999995,149.1653934,9.985000610351562
10226.850516193,-35.363249499999995,149.1653794,9.986000061035156
10227.157289893,-35.363249499999995,149.1653642,9.988000869750977
10227.464634637,-35.3632493,149.1653479,9.991000175476074
10227.765179094,-35.3632492,149.1653308,9.994000434875488
10228.088887769,-35.3632491,149.1653129,9.998000144958496
10228.407483015,-35.363248999999996,149.1652945,10.00100040435791
10228.751060666,-35.363248999999996,149.1652757,10.005000114440918
10229.07137028,-35.363248899999995,149.16525679999998,10.008000373840332
10229.431950912,-35.363248899999995,149.1652377,10.011000633239746
10229.788665384,-35.363248899999995,149.1652187,10.01200008392334
10230.126904898,-35.363248899999995,149.16519979999998,10.011000633239746
10230.418456269,-35.363248899999995,149.16518109999998,10.011000633239746
10230.738522602,-35.363248899999995,149.1651627,10.01200008392334
10231.028425166,-35.363248899999995,149.1651449,10.01300048828125
10231.337328853,-35.363248899999995,149.1651277,10.01400089263916
10231.649551259,-35.363248899999995,149.1651115,10.016000747680664
10231.949530895,-35.363248899999995,149.1650963,10.015000343322754
10232.241342588,-35.363248899999995,149.1650824,10.015000343322754
10232.548762904,-35.363248899999995,149.1650699,10.01400089263916
10232.865363547,-35.363248899999995,149.1650589,10.01200008392334
10233.169055498,-35.363248899999995,149.1650497,10.010000228881836
10233.45491203,-35.363248899999995,149.16504229999998,10.006000518798828
10233.780786401,-35.363248899999995,149.1650364,10.00100040435791
10234.113135594,-35.363248899999995,149.165032,9.997000694274902
10234.407109127,-35.3632486,149.1650287,9.992000579833984
10234.710927622,-35.3632479,149.16502649999998,9.988000869750977
10235.055801268,-35.3632467,149.16502499999999,9.986000061035156
10235.348880696,-35.3632449,149.1650242,9.985000610351562
10235.664232918,-35.3632426,149.1650238,9.986000061035156
10235.955574806,-35.363239899999996,149.1650237,9.987000465393066
10236.270750954,-35.3632371,149.1650237,9.988000869750977
10236.551481002,-35.363234299999995,149.16502359999998,9.98900032043457
10236.88373233,-35.3632316,149.16502359999998,9.991000175476074
10237.172270846,-35.363228899999996,149.1650235,9.992000579833984
10237.47111265,-35.3632266,149.16502359999998,9.993000030517578
10237.769430122,-35.363224599999995,149.16502409999998,9.994000434875488
10238.072771342,-35.3632231,149.1650252,9.995000839233398
10238.407452093,-35.3632223,149.1650272,9.997000694274902
10238.727176397,-35.3632219,149.1650302,9.997000694274902
10239.023486399,-35.3632219,149.1650344,9.995000839233398
10239.318449666,-35.3632221,149.16504,9.993000030517578
10239.596423014,-35.3632223,149.165047,9.991000175476074
10239.912248507,-35.3632225,149.16505569999998,9.98900032043457
10240.367661688,-35.3632226,149.1650661,9.987000465393066
10240.822113942,-35.3632226,149.16507819999998,9.987000465393066
10241.194121322,-35.3632226,149.1650919,9.98900032043457
10241.685070352,-35.3632226,149.1651068,9.991000175476074
10242.087846489,-35.3632225,149.1651229,9.995000839233398
10242.498869157,-35.3632224,149.16513989999999,9.998000144958496
10242.95771553,-35.3632223,149.1651576,10.00100040435791
10243.436477044,-35.363222199999996,149.16517589999998,10.005000114440918
10243.959378623,-35.3632221,149.1651946,10.009000778198242
10244.428715336,-35.363222,149.1652135,10.01200008392334
10244.909557208,-35.363222,149.1652326,10.015000343322754
10245.344635244,-35.363222,149.1652516,10.015000343322754
10245.80425576,-35.363222,149.16527059999999,10.01300048828125
10246.355981285,-35.3632221,149.1652894,10.01300048828125
10246.857068432,-35.3632221,149.1653078,10.01300048828125
10247.289994363,-35.3632221,149.1653258,10.01300048828125
10247.716692948,-35.3632221,149.1653431,10.01300048828125
10248.086081553,-35.3632221,149.1653596,10.015000343322754
10248.387285928,-35.3632221,149.1653751,10.015000343322754
10248.755442748,-35.3632221,149.16538939999998,10.01400089263916
10249.081925847,-35.3632221,149.1654022,10.01200008392334
10249.470077067,-35.3632221,149.1654136,10.010000228881836
10249.898256573,-35.3632221,149.1654232,10.009000778198242
10250.357907662,-35.3632221,149.1654311,10.007000923156738
10250.874753965,-35.3632221,149.16543729999998,10.005000114440918
10251.25454528,-35.3632221,149.16544199999998,10.0
10251.598312698,-35.3632218,149.1654455,9.995000839233398
10252.085657074,-35.3632212,149.165448,9.992000579833984
10252.46754286,-35.3632201,149.1654496,9.99000072479248
10252.93866227,-35.3632184,149.16545059999999,9.98900032043457
10253.39866097,-35.3632162,149.16545109999998,9.988000869750977
10253.952069824,-35.3632136,149.1654513,9.99000072479248
10254.392459499,-35.3632108,149.1654513,9.99000072479248
10254.856745564,-35.363208,149.1654513,9.99000072479248
10255.188562999,-35.363205199999996,149.1654513,9.991000175476074
10255.51953376,-35.3632025,149.1654514,9.991000175476074
10255.827260569,-35.3632001,149.1654513,9.992000579833984
10256.145127462,-35.363198,149.165451,9.993000030517578
10256.45705871,-35.3631964,149.1654499,9.994000434875488
10256.784340017,-35.363195399999995,149.1654481,9.996000289916992
10257.121452248,-35.363194899999996,149.16544539999998,9.996000289916992
10257.517514549,-35.363194899999996,149.1654414,9.995000839233398
10257.867669491,-35.363195,149.1654362,9.994000434875488
10258.434778344,-35.3631952,149.1654295,9.991000175476074
10259.490251766,-35.363195499999996,149.1654211,9.98900032043457
10260.299515657,-35.3631956,149.1654111,9.987000465393066
10260.768290572,-35.3631956,149.1653993,9.986000061035156
10261.41869244,-35.3631957,149.16538599999998,9.986000061035156
10262.014305133,-35.3631956,149.1653713,9.988000869750977
10262.512586921,-35.3631956,149.16535539999998,9.991000175476074
10263.13958311,-35.3631956,149.16533859999998,9.995000839233398
10263.758819502,-35.363195499999996,149.165321,9.998000144958496
10264.439349524,-35.363195399999995,149.1653028,10.00200080871582
10265.087138395,-35.3631953,149.16528409999998,10.006000518798828
10265.7853859,-35.3631952,149.1652652,10.009000778198242
10266.577061658,-35.3631952,149.16524619999998,10.011000633239746
10267.318233426,-35.3631952,149.16522709999998,10.01300048828125
10268.183270034,-35.3631951,149.1652082,10.01400089263916
10268.950600263,-35.3631951,149.16518929999998,10.01400089263916
10270.001026771,-35.3631951,149.1651708,10.01400089263916
10270.837144493,-35.3631951,149.1651527,10.01400089263916
10271.650163672,-35.3631952,149.16513519999998,10.01400089263916
10272.345427238,-35.3631952,149.1651186,10.01400089263916
10273.209935685,-35.3631952,149.1651029,10.01300048828125
10273.850151179,-35.3631952,149.16508829999998,10.01200008392334
10274.57159332,-35.3631952,149.1650752,10.010000228881836
10275.287332,-35.3631952,149.1650635,10.008000373840332
10276.067555324,-35.3631952,149.1650535,10.006000518798828
10276.772937183,-35.3631952,149.16504519999998,10.003000259399414
10277.469901476,-35.3631952,149.1650387,9.998000144958496
10278.176181257,-35.3631951,149.16503369999998,9.993000030517578
10278.908803274,-35.363194899999996,149.16502989999998,9.98900032043457
10279.683596707,-35.3631944,149.1650273,9.986000061035156
10280.556274235,-35.3631934,149.16502549999998,9.985000610351562
10281.272356479,-35.363191799999996,149.1650244,9.984000205993652
10282.106719145,-35.3631897,149.1650238,9.983000755310059
10282.838941035,-35.3631871,149.16502359999998,9.985000610351562
10283.520254099,-35.3631844,149.16502359999998,9.987000465393066
10284.275047236,-35.3631816,149.16502359999998,9.98900032043457
10284.978220026,-35.3631788,149.1650235,9.991000175476074
10285.757636627,-35.3631761,149.1650234,9.992000579833984
10286.638095823,-35.3631737,149.1650234,9.994000434875488
10287.396855142,-35.3631715,149.16502359999998,9.996000289916992
10287.699917205,-35.3631698,149.1650245,9.998000144958496
10287.999080206,-35.363168699999996,149.1650261,9.999000549316406
10288.30409325,-35.363168099999996,149.1650286,9.999000549316406
10288.599476443,-35.363168,149.1650323,9.999000549316406
10288.908459429,-35.363168099999996,149.1650372,9.998000144958496
10289.206016057,-35.3631683,149.1650436,9.997000694274902
10289.583224003,-35.3631685,149.1650515,9.995000839233398
10289.923161749,-35.3631686,149.1650612,9.994000434875488
10290.221902849,-35.3631686,149.1650726,9.994000434875488
10290.530450934,-35.3631686,149.1650856,9.995000839233398
10290.825775631,-35.3631685,149.1651,9.996000289916992
10291.121634057,-35.3631685,149.1651156,9.999000549316406
10291.456145163,-35.3631683,149.1651322,10.00200080871582
10291.742296511,-35.3631682,149.1651496,10.006000518798828
10292.035829856,-35.363168099999996,149.1651676,10.009000778198242
10292.334968409,-35.363168,149.1651862,10.01300048828125
10292.655848313,-35.3631679,149.165205,10.016000747680664
10292.944940383,-35.3631678,149.1652241,10.018000602722168
10293.235578397,-35.3631678,149.1652431,10.019000053405762
10293.541316773,-35.3631678,149.1652621,10.020000457763672
10293.835040051,-35.3631678,149.1652809,10.020000457763672
10294.124779468,-35.3631678,149.1652996,10.020000457763672
10294.457048121,-35.3631679,149.1653178,10.020000457763672
10294.750974091,-35.3631679,149.1653354,10.021000862121582
10295.066294087,-35.363168,149.1653523,10.021000862121582
10295.354043306,-35.363168,149.1653682,10.021000862121582
10295.681305897,-35.363168099999996,149.16538309999999,10.020000457763672
10295.968210529,-35.363168099999996,149.16539659999998,10.019000053405762
10296.270195737,-35.3631682,149.1654086,10.018000602722168
10296.578905643,-35.3631682,149.16541909999998,10.017000198364258
10296.871172745,-35.3631683,149.16542769999998,10.01400089263916
10297.164047965,-35.3631683,149.1654347,10.010000228881836
10297.485995919,-35.3631683,149.16544,10.006000518798828
10297.779884712,-35.3631683,149.1654441,10.00100040435791
10298.077138121,-35.3631678,149.165447,9.996000289916992
10298.362190892,-35.363166899999996,149.165449,9.994000434875488
10298.688673449,-35.3631655,149.16545019999998,9.993000030517578
10298.973573207,-35.3631635,149.1654509,9.992000579833984
10299.283259653,-35.363161,149.1654512,9.993000030517578
10299.598683795,-35.3631582,149.1654512,9.994000434875488
10299.895911675,-35.3631554,149.1654512,9.995000839233398
10300.191107832,-35.3631525,149.1654512,9.996000289916992
10300.508073415,-35.3631497,149.1654513,9.997000694274902
10300.8011549,-35.3631471,149.1654513,9.999000549316406
10301.104841406,-35.3631449,149.1654512,10.00100040435791
10301.403044802,-35.363143,149.1654504,10.00200080871582
10301.721344124,-35.3631417,149.165449,10.003000259399414
10302.022280151,-35.363141,149.1654467,10.004000663757324
10302.312836956,-35.3631408,149.1654434,10.003000259399414
10302.626511677,-35.3631409,149.1654388,10.00200080871582
10302.930729143,-35.3631412,149.1654328,10.0
10303.231434413,-35.363141299999995,149.1654252,9.997000694274902
10303.555419872,-35.3631415,149.165416,9.994000434875488
10303.920743998,-35.3631416,149.165405,9.992000579833984
10304.226211084,-35.3631417,149.16539229999998,9.991000175476074
10304.540659491,-35.3631417,149.1653782,9.992000579833984
10304.837536961,-35.3631417,149.1653628,9.993000030517578
10305.125815549,-35.3631416,149.1653464,9.996000289916992
10305.445684709,-35.3631415,149.1653292,9.999000549316406
10305.732155294,-35.3631415,149.1653112,10.003000259399414
10306.023316479,-35.363141399999996,149.16529269999998,10.006000518798828
10306.317879939,-35.363141299999995,149.1652739,10.009000778198242
10306.631760682,-35.363141299999995,149.16525489999998,10.011000633239746
10306.917046718,-35.3631412,149.1652358,10.01300048828125
10307.241014525,-35.3631412,149.1652168,10.01300048828125
10307.541264504,-35.3631412,149.16519789999998,10.01300048828125
10307.840932236,-35.3631412,149.16517919999998,10.01200008392334
10308.140757837,-35.3631412,149.1651609,10.01300048828125
10308.456896959,-35.3631412,149.1651431,10.01300048828125
10308.767558394,-35.3631412,149.16512609999998,10.01400089263916
10309.068783954,-35.3631412,149.1651099,10.01400089263916
10309.375606631,-35.3631412,149.1650948,10.015000343322754
10309.69735351,-35.3631412,149.165081,10.01400089263916
10309.984819565,-35.3631412,149.16506859999998,10.01300048828125
10310.283288804,-35.3631412,149.1650578,10.01200008392334
10310.597846317,-35.3631412,149.1650488,10.010000228881836
10310.920373345,-35.3631412,149.1650415,10.007000923156738
10311.20670955,-35.3631412,149.1650358,10.004000663757324
10311.537383753,-35.3631411,149.1650315,9.999000549316406
10311.831706665,-35.3631408,149.16502839999998,9.995000839233398
10312.142989305,-35.363140099999995,149.1650262,9.993000030517578
10312.454442962,-35.3631388,149.1650248,9.992000579833984
10312.761258277,-35.3631369,149.165024,9.991000175476074
10313.088119369,-35.363134599999995,149.1650237,9.991000175476074
10313.484846743,-35.363132,149.16502359999998,9.992000579833984
10313.773079766,-35.3631293,149.16502359999998,9.993000030517578
10314.081054968,-35.3631265,149.1650235,9.995000839233398
10314.367967776,-35.3631238,149.1650235,9.997000694274902
10314.684597884,-35.3631212,149.1650234,9.999000549316406
10314.975764782,-35.363118899999996,149.16502359999998,10.00100040435791
10315.278386204,-35.363116999999995,149.16502409999998,10.00200080871582
10315.584252588,-35.3631157,149.1650253,10.003000259399414
10315.897532667,-35.3631148,149.16502739999999,10.004000663757324
10316.193808558,-35.3631145,149.1650305,10.003000259399414
10316.504234415,-35.3631145,149.1650348,10.00200080871582
10316.803502022,-35.363114599999996,149.1650405,9.999000549316406
10317.104969097,-35.3631148,149.1650477,9.996000289916992
10317.39055138,-35.3631149,149.16505659999999,9.994000434875488
10317.72924274,-35.3631149,149.16506719999998,9.992000579833984
10318.083666449,-35.363115,149.1650794,9.991000175476074
10318.396946964,-35.3631149,149.1650932,9.991000175476074
10318.707359456,-35.3631148,149.1651082,9.993000030517578
10318.999107004,-35.3631147,149.1651244,9.995000839233398
10319.288579171,-35.3631145,149.16514139999998,9.997000694274902
10319.621435415,-35.3631144,149.1651592,10.0
10319.911677259,-35.3631143,149.1651776,10.004000663757324
10320.20785922,-35.3631142,149.1651963,10.007000923156738
10320.511158305,-35.3631141,149.1652153,10.010000228881836
10320.809124867,-35.3631141,149.16523429999998,10.01300048828125
10321.091461545,-35.363113999999996,149.16525339999998,10.01400089263916
10321.385265853,-35.363113999999996,149.1652723,10.01400089263916
10321.694133742,-35.363113999999996,149.1652911,10.015000343322754
10321.993962058,-35.363113999999996,149.1653095,10.016000747680664
10322.310840816,-35.363113999999996,149.1653274,10.017000198364258
10322.62405171,-35.363113999999996,149.1653447,10.018000602722168
10322.916084693,-35.3631141,149.16536109999998,10.019000053405762
10323.223214482,-35.3631141,149.16537649999998,10.019000053405762
10323.520720338,-35.3631141,149.1653906,10.019000053405762
10323.821300393,-35.3631142,149.1654034,10.017000198364258
10324.109228603,-35.3631142,149.1654146,10.016000747680664
10324.399797211,-35.3631142,149.165424,10.01300048828125
10324.707159496,-35.3631142,149.1654317,10.009000778198242
10324.998425115,-35.3631142,149.1654378,10.005000114440918
10325.286290528,-35.3631142,149.1654424,10.0
10325.603847764,-35.363113999999996,149.16544589999998,9.996000289916992
10325.889958492,-35.363113299999995,149.1654482,9.993000030517578
10326.193378956,-35.363112099999995,149.1654498,9.992000579833984
10326.509998352,-35.3631104,149.16545069999998,9.991000175476074
10326.803024226,-35.3631081,149.16545109999998,9.991000175476074
10327.103556806,-35.363105499999996,149.1654513,9.991000175476074
10327.400534398,-35.3631027,149.1654513,9.991000175476074
10327.700788043,-35.3630998,149.1654512,9.992000579833984
10328.001851227,-35.363096999999996,149.1654513,9.993000030517578
10328.305099358,-35.3630943,149.1654514,9.994000434875488
10328.634152913,-35.3630919,149.1654512,9.996000289916992
10328.934692907,-35.3630898,149.1654509,9.998000144958496
10329.256816175,-35.3630883,149.1654498,10.0
10329.577369975,-35.3630873,149.1654479,10.00100040435791
10329.881468018,-35.3630869,149.165445,10.0
10330.251234,-35.3630868,149.165441,9.999000549316406
10330.77039722,-35.363087,149.1654357,9.997000694274902
10331.321220018,-35.3630873,149.1654288,9.996000289916992
10331.830378634,-35.3630875,149.1654204,9.994000434875488
10332.255464668,-35.3630876,149.1654102,9.992000579833984
10332.728351313,-35.3630877,149.1653983,9.99000072479248
10333.035548538,-35.363087799999995,149.1653848,9.98900032043457
10333.372647687,-35.363087799999995,149.16537,9.99000072479248
10333.706559799,-35.363087799999995,149.16535399999998,9.991000175476074
10334.127179127,-35.3630877,149.1653371,9.994000434875488
10334.444200639,-35.3630876,149.16531949999998,9.998000144958496
10334.752436803,-35.3630876,149.1653012,10.00100040435791
10335.038766339,-35.3630875,149.1652825,10.004000663757324
10335.431743617,-35.3630874,149.16526349999998,10.008000373840332
10335.842326531,-35.3630874,149.1652445,10.011000633239746
10336.294445053,-35.3630873,149.1652254,10.01300048828125
10336.799038314,-35.3630873,149.16520649999998,10.01200008392334
10337.16474632,-35.363087199999995,149.1651876,10.01200008392334
10337.550362326,-35.363087199999995,149.16516909999999,10.01300048828125
10337.922476836,-35.363087199999995,149.1651511,10.01400089263916
10338.255085303,-35.363087199999995,149.16513369999998,10.015000343322754
10338.619204269,-35.363087199999995,149.1651171,10.016000747680664
10338.944605609,-35.363087199999995,149.1651015,10.016000747680664
10339.310831911,-35.363087199999995,149.1650871,10.016000747680664
10339.663702489,-35.363087199999995,149.1650741,10.016000747680664
10340.007168219,-35.363087199999995,149.1650625,10.01400089263916
10340.335138572,-35.363087199999995,149.1650527,10.01300048828125
10340.713620861,-35.363087199999995,149.1650446,10.010000228881836
10341.037448779,-35.363087199999995,149.1650382,10.006000518798828
10341.535438758,-35.363087199999995,149.1650333,10.00100040435791
10342.470366021,-35.363087199999995,149.1650296,9.997000694274902
10343.320318653,-35.363087199999995,149.16502699999998,9.993000030517578
10344.071785921,-35.363087199999995,149.1650253,9.991000175476074
10344.938721455,-35.363087199999995,149.1650243,9.98900032043457
10345.65453079,-35.363087199999995,149.1650238,9.98900032043457
10346.418547775,-35.363087199999995,149.16502359999998,9.98900032043457
10347.233034882,-35.363087199999995,149.16502359999998,9.99000072479248
10347.912186711,-35.3630873,149.16502359999998,9.991000175476074
10348.621629001,-35.3630873,149.1650235,9.992000579833984
10349.298605172,-35.3630873,149.1650234,9.998000144958496
10349.903845,-35.3630874,149.1650233,10.021000862121582
10350.674585305,-35.3630874,149.1650232,10.074000358581543
10351.378448322,-35.3630874,149.165023,10.172000885009766
10352.057923824,-35.3630874,149.1650229,10.324000358581543
10352.783864882,-35.3630875,149.1650228,10.535000801086426
10353.577769186,-35.3630875,149.1650228,10.804000854492188
10354.31514136,-35.3630875,149.1650228,11.130000114440918
10355.023462359,-35.3630875,149.1650228,11.499000549316406
10355.754549936,-35.3630876,149.16502269999998,11.89900016784668
10356.509568866,-35.3630876,149.16502269999998,12.314000129699707
10357.243092731,-35.3630876,149.16502269999998,12.732000350952148
10357.888779778,-35.3630876,149.1650228,13.146000862121582
10358.372639469,-35.3630876,149.1650228,13.54800033569336
10359.064213995,-35.363087799999995,149.16502309999998,13.926000595092773
10359.778153247,-35.3630882,149.16502359999998,14.265000343322754
10360.497806622,-35.3630889,149.1650245,14.55000114440918
10360.860871428,-35.3630901,149.16502599999998,14.773000717163086
10361.698308904,-35.3630918,149.1650281,14.930000305175781
10362.420063025,-35.3630941,149.165031,15.024001121520996
10363.154898274,-35.3630972,149.1650348,15.065000534057617
10363.837629903,-35.363101199999996,149.1650397,15.068000793457031
10364.497928286,-35.363106,149.1650457,15.051000595092773
10365.189288045,-35.3631118,149.16505279999998,15.030000686645508
10365.908457082,-35.3631184,149.1650609,15.015000343322754
10366.471444056,-35.3631256,149.1650698,15.006000518798828
10367.128119908,-35.363133399999995,149.1650793,15.00100040435791
10367.887811858,-35.3631415,149.16508919999998,15.000000953674316
10368.479242766,-35.363149899999996,149.1650995,15.00100040435791
10369.284926988,-35.3631585,149.16511,15.00200080871582
10370.080101134,-35.3631672,149.1651206,15.004000663757324
10371.119113738,-35.363175999999996,149.1651312,15.006000518798828
10372.263434675,-35.3631846,149.1651418,15.006000518798828
10372.751112452,-35.3631932,149.1651522,15.005001068115234
10373.273269847,-35.3632017,149.16516249999998,15.004000663757324
10373.73365684,-35.3632099,149.1651726,15.004000663757324
10374.269579945,-35.3632178,149.1651822,15.004000663757324
10374.724902332,-35.363225299999996,149.1651913,15.003000259399414
10375.161924873,-35.3632323,149.16519979999998,15.003000259399414
10375.75128107,-35.3632387,149.1652076,15.003000259399414
10376.220645953,-35.3632443,149.1652145,15.00200080871582
10376.694086342,-35.3632491,149.16522039999998,14.999000549316406
10377.207875256,-35.3632531,149.16522519999998,14.997000694274902
10377.682571239,-35.3632561,149.1652289,14.995000839233398
10378.190211054,-35.3632584,149.1652317,14.992000579833984
10378.670573023,-35.363259899999996,149.1652337,14.98900032043457
10379.096728999,-35.363261,149.165235,14.987000465393066
10379.591354745,-35.3632616,149.1652358,14.984001159667969
10380.010088944,-35.3632618,149.16523619999998,14.983000755310059
10380.415450925,-35.3632619,149.1652364,14.982000350952148
10380.912610413,-35.3632619,149.1652364,14.982000350952148
10381.355880865,-35.3632618,149.1652364,14.982000350952148
10381.74253045,-35.3632618,149.1652364,14.983000755310059
10382.226919978,-35.3632619,149.1652365,14.983000755310059
10382.770882153,-35.3632621,149.1652366,14.985000610351562
10383.285063233,-35.3632622,149.1652368,14.986001014709473
10383.771480631,-35.363262299999995,149.1652369,14.987000465393066
10384.213518488,-35.3632625,149.16523709999998,14.988000869750977
10384.673201063,-35.3632626,149.1652372,14.988000869750977
10385.028355386,-35.3632627,149.1652373,14.988000869750977
10385.545614664,-35.3632627,149.1652374,14.98900032043457
10385.953342777,-35.3632628,149.1652374,14.98900032043457
10386.520727214,-35.3632628,149.1652374,14.99100112915039
10386.955469333,-35.3632628,149.1652374,14.992000579833984
10387.473758264,-35.3632628,149.1652374,14.993000984191895
10387.875080131,-35.3632628,149.1652375,14.994000434875488
10388.222961971,-35.3632628,149.1652375,14.993000984191895
10388.661635782,-35.3632628,149.1652375,14.992000579833984
10389.106172726,-35.3632628,149.1652375,14.993000984191895
10389.500147033,-35.3632628,149.1652374,14.994000434875488
10389.929380368,-35.3632628,149.1652374,14.994000434875488
10390.389080177,-35.3632628,149.1652374,14.994000434875488
10390.801917736,-35.3632628,149.1652374,14.993000984191895
10391.093406225,-35.3632628,149.1652374,14.960000991821289
10391.431488219,-35.3632628,149.1652374,14.867000579833984
10391.839701234,-35.3632628,149.1652374,14.707000732421875
10392.197778749,-35.3632628,149.1652374,14.47900104522705
10392.500378366,-35.3632628,149.1652374,14.182001113891602
10392.789097937,-35.3632628,149.1652374,13.822000503540039
10393.096855613,-35.3632628,149.1652374,13.4350004196167
10393.429961184,-35.3632628,149.1652374,13.042000770568848
10393.721756312,-35.363262899999995,149.1652374,12.667000770568848
10394.028731252,-35.363262899999995,149.1652374,12.349000930786133
10394.323573821,-35.363262899999995,149.1652374,12.10300064086914
10394.67022222,-35.363262899999995,149.1652374,11.929000854492188
10394.968535502,-35.363262999999996,149.1652374,11.801000595092773
10395.291425577,-35.363262999999996,149.1652374,11.691000938415527
10395.599202596,-35.363262999999996,149.1652373,11.582000732421875
10395.923948992,-35.363262999999996,149.1652373,11.470000267028809
10396.234656347,-35.3632631,149.1652373,11.354000091552734
10396.568884132,-35.3632631,149.1652373,11.234000205993652
10396.851668565,-35.3632631,149.1652373,11.111000061035156
10397.155645638,-35.3632631,149.1652373,10.986000061035156
10397.480195965,-35.3632631,149.1652373,10.862000465393066
10397.772654212,-35.3632631,149.1652373,10.736000061035156
10398.059495312,-35.3632631,149.1652373,10.610000610351562
10398.348831052,-35.3632631,149.1652373,10.484000205993652
10398.657670093,-35.3632631,149.1652373,10.359000205993652
10399.039065582,-35.3632631,149.1652373,10.234000205993652
10399.400923815,-35.3632631,149.1652373,10.108000755310059
10399.7692288,-35.3632631,149.1652373,9.982000350952148
10400.155501355,-35.3632631,149.1652373,9.857000350952148
10400.599151872,-35.3632631,149.1652373,9.741000175476074
10400.879348161,-35.3632631,149.1652373,9.67300033569336
10401.260311362,-35.363262999999996,149.1652373,9.65000057220459
10401.584605331,-35.363262999999996,149.1652373,9.647000312805176
10401.892038335,-35.3632631,149.1652373,9.653000831604004
10402.239771203,-35.3632631,149.1652373,9.659000396728516
10402.60330857,-35.3632631,149.1652373,9.665000915527344
10402.892714565,-35.3632631,149.1652373,9.669000625610352
10403.279388019,-35.3632631,149.1652373,9.672000885009766
10403.675556667,-35.363262999999996,149.1652372,9.67300033569336
10403.975754761,-35.363262999999996,149.1652372,9.67400074005127
10404.305896912,-35.363262999999996,149.1652372,9.67400074005127
10404.63331799,-35.363262999999996,149.1652372,9.67400074005127
10404.951040276,-35.363262899999995,149.1652372,9.67400074005127
10405.361155916,-35.363262899999995,149.1652372,9.675000190734863
10405.667735423,-35.363262899999995,149.1652372,9.676000595092773
10405.985260488,-35.363262899999995,149.1652372,9.676000595092773
10406.272988829,-35.3632628,149.1652372,9.676000595092773
10406.589926471,-35.3632628,149.1652372,9.675000190734863
10406.879883763,-35.3632628,149.1652372,9.676000595092773
10407.182565918,-35.3632628,149.1652372,9.676000595092773
10407.502717836,-35.3632627,149.1652373,9.675000190734863
10407.807268651,-35.3632627,149.1652373,9.675000190734863
10408.091789225,-35.3632627,149.1652373,9.675000190734863
10408.400706469,-35.3632627,149.1652373,9.67400074005127
10408.717574529,-35.3632627,149.1652373,9.67400074005127
10409.028562547,-35.3632627,149.1652373,9.67300033569336
10409.350861963,-35.3632627,149.1652373,9.67300033569336
10409.741808859,-35.3632627,149.1652373,9.665000915527344
10410.073946324,-35.3632627,149.1652373,9.609000205993652
10410.37675842,-35.3632627,149.1652373,9.505000114440918
10410.68107297,-35.3632627,149.1652373,9.381000518798828
10410.985170561,-35.3632627,149.1652373,9.248000144958496
10411.287448279,-35.3632627,149.1652373,9.11500072479248
10411.611451873,-35.3632627,149.1652373,8.983000755310059
10411.90429709,-35.3632626,149.1652373,8.854000091552734
10412.202169221,-35.3632626,149.1652373,8.72700023651123
10412.511562445,-35.3632626,149.1652373,8.601000785827637
10412.823902095,-35.3632626,149.1652373,8.476000785827637
10413.143521226,-35.3632626,149.1652372,8.35200023651123
10413.547734826,-35.3632626,149.1652372,8.22800064086914
10413.847307783,-35.3632626,149.1652372,8.10300064086914
10414.16882138,-35.3632626,149.1652372,7.978000164031982
10414.487444033,-35.3632626,149.1652372,7.853000164031982
10414.817333249,-35.3632626,149.1652372,7.728000164031982
10415.174338115,-35.3632626,149.1652372,7.603000164031982
10415.571998584,-35.3632626,149.1652372,7.478000164031982
10415.914712302,-35.3632626,149.1652372,7.353000164031982
10416.213911034,-35.3632626,149.1652372,7.229000568389893
10416.555987219,-35.3632626,149.1652372,7.104000568389893
10416.895186664,-35.3632626,149.1652372,6.9800004959106445
10417.19759192,-35.3632626,149.1652372,6.857000350952148
10417.538197379,-35.3632626,149.1652372,6.732000350952148
10417.824340649,-35.3632626,149.1652372,6.6080002784729
10418.151307598,-35.3632626,149.1652372,6.4830002784729
10418.480731954,-35.3632626,149.1652372,6.3580002784729
10418.873688079,-35.3632626,149.1652372,6.2330002784729
10419.173189676,-35.3632626,149.1652372,6.1080002784729
10419.49539504,-35.3632626,149.1652372,5.982000350952148
10419.789571555,-35.3632626,149.1652372,5.857000350952148
10420.089572509,-35.3632626,149.1652372,5.732000350952148
10420.408844952,-35.3632626,149.1652372,5.6060004234313965
10420.724952132,-35.3632626,149.1652372,5.4800004959106445
10421.04719074,-35.3632627,149.1652372,5.355000019073486
10421.336525074,-35.3632627,149.1652372,5.229000091552734
10421.64225581,-35.3632627,149.1652372,5.103000164031982
10421.944258423,-35.3632627,149.1652372,4.978000164031982
10422.232937674,-35.3632627,149.1652372,4.8520002365112305
10422.544324471,-35.3632627,149.1652372,4.7260003089904785
10422.837249995,-35.3632627,149.1652372,4.600000381469727
10423.13979211,-35.3632627,149.1652372,4.473999977111816
10423.444884432,-35.3632627,149.1652372,4.348999977111816
10423.760693088,-35.3632627,149.1652372,4.223999977111816
10424.05378029,-35.3632627,149.1652372,4.098999977111816
10424.344156172,-35.3632627,149.1652372,3.9740002155303955
10424.671274457,-35.3632627,149.1652372,3.8490002155303955
10424.976298428,-35.3632627,149.1652372,3.7240002155303955
10425.272611342,-35.3632627,149.1652372,3.5990002155303955
10425.594509306,-35.3632627,149.1652372,3.4740002155303955
10425.891621267,-35.3632627,149.1652372,3.3500001430511475
10426.196935423,-35.3632627,149.1652372,3.2250001430511475
10426.509505119,-35.3632627,149.1652372,3.1000001430511475
10426.812760884,-35.3632627,149.1652372,2.9750001430511475
10427.125847553,-35.3632627,149.1652372,2.8500001430511475
10427.444856875,-35.3632627,149.1652372,2.7250001430511475
10427.752744364,-35.3632627,149.1652372,2.6010000705718994
10428.075824845,-35.3632627,149.1652372,2.4760000705718994
10428.366974932,-35.3632627,149.1652372,2.3519999980926514
10428.687328393,-35.3632627,149.1652372,2.2269999980926514
10428.980826893,-35.3632626,149.1652372,2.1030001640319824
10429.285166998,-35.3632626,149.1652372,1.9780000448226929
10429.594285137,-35.3632626,149.1652372,1.8530000448226929
10429.899342278,-35.3632626,149.1652372,1.7280000448226929
10430.20386644,-35.3632626,149.1652372,1.602000117301941
10430.53239143,-35.3632626,149.1652372,1.4760000705718994
10430.821932127,-35.3632626,149.1652372,1.3510000705718994
10431.121344254,-35.3632626,149.1652372,1.225000023841858
10431.414594045,-35.3632626,149.1652372,1.099000096321106
10431.754682519,-35.3632626,149.1652372,0.9740000367164612
10432.054750646,-35.3632626,149.1652372,0.8490000367164612
10432.37526802,-35.3632626,149.1652372,0.7230000495910645
10432.695866989,-35.3632626,149.1652372,0.5980000495910645
10433.006680754,-35.3632626,149.1652372,0.47200003266334534
10433.305519021,-35.3632626,149.1652372,0.3460000157356262
10433.644969521,-35.3632626,149.1652372,0.22100001573562622
10433.954070812,-35.3632626,149.1652372,0.10100000351667404
10434.437512597,-35.3632626,149.1652372,0.11500000208616257
10434.89849762,-35.3632626,149.1652372,0.12200000882148743
10435.384925346,-35.3632626,149.1652372,0.1210000067949295
10435.857673997,-35.3632626,149.1652372,0.11900000274181366
10436.324108116,-35.3632626,149.1652372,0.11500000208616257
10436.878157253,-35.3632625,149.1652372,0.11000000685453415
10437.492715132,-35.3632625,149.1652372,0.10600000619888306
